Question,Option_A,Option_B,Option_C,Option_D,Answer
Who was the first to identify cell protoplasm?,N. Gryu in 1671,A. Leeuwenhoek in 1680,Ya. Purkinje in 1839,R. Brown in 1831,C
Who was the first to define the nucleus?,A. Leeuwenhoek in 1680,R. Brown in 1831,N. Grew in 1671,J. Purkinye in 1839,B
What is included in the cell?,"Cell wall, nucleus","Cell wall, protoplasm and nucleus","Cell wall, plastid, protoplasm and nucleus","Cell wall, cytoplasm and nucleus, nucleolus",B
Which German scientists created the cell theory?,Schleiden and Schwann in 1839,A. Leeuwenhoek and Schwann in 1849,Schleiden and Grew in 1839,J. Purkin and Schleiden in 1849,A
"Which scientist was the first to study animals, identify their species, classify them, and put forward ideas of development and harmony in nature?","R. Virchow, 500 species","Darwin, 500 species","A. Levenguk, 510 species","Aristotle, 510 species",D
Which scientist first identified the virus?,Flemming in 1842,R. Brown in 1831,D.I. Ivanovsky in 1892,J. Purkinye in 1839,C
On which plant were viruses first discovered?,Chinar,Tobacco leaves,Chamomile,Datura,B
"The shell of viruses, consisting of proteins and lipids",Biomolecular phospholipids,Glycolipid,Supercapsid,Biopolymer phospholipids,C
How long does it take for bacteria to divide?,Every 20 minutes,Every 2 hours,Every 1 hour _,Every other 30 minutes,A
What substances does the cell membrane conduct?,"water, ions and necessary substances",Protein carries fats,"Conducts proteins, fats, ions","Transports protein, fats and unwanted substances",A
"Which cell consists of cytoplasm and nucleus, each cell is surrounded by a plasma membrane - plasmalemma.",bacterial cell,Eukaryotic cell,Blue-green algae,Prokaryotic cell,B
What is the diameter of most eukaryotic cells?,100-1000 microns,10-100 µm,50-1000 µm,10-100000 microns,B
What functions does the outer shell of a eukaryotic cell perform?,Protective Barrier,Transport transfer,Receptor function,All answers are correct,D
What is the thickness of the plasma (cytoplasmic) membrane of eukaryotes?,7-12 nm,20-24 nm,50-60 nm,10-100 nm,A
"Define the function of the plasma membrane of eukaryotes. Separates the cell 1- from the environment, 2- Transports water, ions and necessary substances, 3- Unnecessary substances that must leave the cell are released through this membrane",2.3,"1,2,3",1.2,1.3,B
"When viewed through an electron microscope, the layers of the plasmalemma are determined","2; inner and outer are dense, thicker","4; internal, external, middle, vascular",lipid double layer,"It consists only of a dense, thicker 1 layer",C
Which layer of the plasma membrane appears dark under electron microscopy?,Protein and lipid,Carbohydrate _,Protein,Lipid _,C
looks light under electron microscopy?,Glycolipid,Biomolecular phospholipids,Nucleoprotein,Biopolymer phospholipids,B
What are the different membrane proteins of eukaryotes?,"Integral, semi-integral and peripheral","Integral, semi-integral, peripheral, endopheric","Integral, semi- integral",Integral and peripheral,A
What layer do peripheral proteins form?,Forms a muscle layer,Forms a biomolecular layer,Does not form a continuous layer,Forms a denser and thicker layer,C
Which proteins are completely absorbed into the membrane layer?,Integral proteins,endopheric,Semi-integral proteins,Peripheral,A
Which proteins do not penetrate the membrane completely.,Integral proteins,Semi-integral proteins,endopheric,Peripheral,B
How do substances pass through a membrane?,By changing the shape of the membrane (conformation),"Due to direct transport, motor transport and due to changes in the shape of the membrane",Through direct transport (without the participation of carriers),By road (using a carrier),B
Types of transport (in the presence of carriers) when substances pass through the membrane?,2 types: endogenous and exogenous,2 types: mono and poly,2 types: passive and active,2 types : temporary and permanent,C
What role does the cell membrane play in the movement of matter and ions?,Barrier new,Turgor noyu,Control of cell division,Reproduction,A
Is the internal environment of a cell different from the environment of a cell?,Is different,It does not matter,Similar,Is not different,A
What is the concentration of Na + around the red blood cell and K + ions in the cytoplasm?,Na+ concentration is high and K + low.,Na + and K + concentrations are low,Na concentration + and K + high,Na+ concentration is low and K + high.,C
What regularly maintains the acid-base balance in the cell at a certain level?,Core,Centrosome,Peroxisome,Plasmolemma,D
In which model of the cell membrane structure are protein globules evenly distributed throughout the fat layer?,Cell model,"Model ""Mosaic""",Devson and Daniel model,Mathematical model,C
Who proposed the “mosaic” model of the structure of the cell membrane?,In 1842 Boveri and Flemming,In 1972 Devson and Daniel,"In 1892, Singer and D.I. Ivanovsky","In 1972, Singer and Nicholson",D
"According to which model, the membrane consists of a mobile mosaic in which proteins penetrate the fat layer in different ways?",Mosaic model.,Devson and Daniel model,Cell model,Mathematical model,A
What are the different organelles?,General and specific organelles,Essential and unnecessary organelles,Mono and poly organoids,Temporary and permanent organoids,A
Which belongs to the group of common organelles.,"Mitochondria, endoplasmic reticulum, ribosome, Golgi complex, lysosome, cell centrosome, peroxisome","Myofibrils, tonofibrils, neurofibrils, flagellum, eyelashes and marginal microvilli","Mitochondria, lysosomes, centrosome, micro tubes, flagellum, eyelashes and marginal microvilli","Ribosomes, Golgi complex, lysosomes, peroxisomes, myofibrils, tonofibrils, neurofibrils",A
Specify specific organelles?,"Mitochondria, Golgi complex, lysosomes, centrosome, micro tubes, flagellum, eyelashes","Myofibrils, tonofibrils, neurofibrils, flagellum, eyelashes and marginal microvilli","Ribosomes, Golgi complex, lysosomes, peroxisomes, myofibrils, tonofibrils, neurofibrils","Mitochondria, intracellular network, ribosomes, lysosomes, cell center centrosome, peroxisome and microtubules",B
"What set of cations is present in the granules of the inner mitochondrial fluid, which is an electron-dense round granule in the matrix?","Magnesium, manganese","Magnesium, sodium","Potassium, calcium","Calcium, magnesium",D
Who first came up with information about the cell?,"I.V. Michurin, Morgan","N. I. Vavilov, Darwin","R. Virchow, Lamarck","R. Guk, A. Levenguk",D
Modern definition of cell theory.,The nucleus is the main organelle,Cells reproduce by dividing,Life cell form,Cell is the smallest unit of life,D
R. Virchow's statements about the cell?,A cell is formed by division of an existing cell,The cell stores genetic information,DNA plays an important role in regulating cellular activity.,Functional cell block,A
The vacuolar system of the cell is………..,"Mitochondria, ribosome","Mitochondria, centrioles","Mitochondria, plastids","Golgi apparatus, endoplasmic reticulum",D
Find a double-membrane cell organelle.,Mitochondria,Ribosome,Golgi apparatus,Lysosome,A
What is hyaloplasm?,Colorless colloidal system of cytoplasm,Chemical substance,Organoid,DNA,A
To which cytoplasmic system do microtubules and microfibrils belong?,Organoids,Musculoskeletal _ _,Additional _,Reproduction,B
What is the structure of the plasma membrane?,Microtube complex,Contains proteins and DNA,Lipoprot e new complex,Microfibril complex,C
What is pinocytosis?,Absorption of solid particles through the membrane,Type of cell division,passage of water and substances dissolved in water through the membrane,"Pinos-love, cytoz-cell",C
Which cells have the most mitochondria and inclusions?,In liver cells,In spleen cells,In living cells,In blood cells,A
In which organs is the granular endoplasmic reticulum developed ?,"Stomach, liver, kidneys","Pancreas, liver","Spleen, liver","Kidneys, blood",B
In which organs is the smooth endoplasmic reticulum developed?,In the liver,"Pancreas, some glands in the digestive tract","Pancreas, liver, intestines","Stomach, liver, kidneys",B
Determine the diameter of ribosomes,35 nm,45 nm,25 nm,15 nm,D
How are ribosomes structured?,"small, round electron-dense structures of the same size.",It is a large round electron-dense structure of the same size.,"It is a very small, elongated, diffuse structure of the same size.","It is a small, round, electron-dense structure of varying sizes.",A
"Characteristics of the outer membrane of mitochondria. 1 - smooth, 2 - wrinkled, 3 - with large pores, 4 - with small pores 5 - ADP, phosphate, pyruvic acid.","1,3,5","2,3,5","1,3,4,5","2,4,5",A
Determine the property inherent in the inner membrane of mitochondria.,"extracting energy from their chemicals in the process of oxidative phosphorylation, cellular respiration",Redox enzymes located in the membranes that form the lymph nodes ensure cellular respiration.,Redox enzymes located in the membrane that produce hormones ensure cellular respiration.,"Redox enzymes located in the membrane, forming nodules, ensure cellular respiration.",A
Which scientist called the reticular structure of nerve cells the Golgi apparatus?,Flemming in 1842,In 1892 D. I. Ivanovsky,1898 K. Golgi,"In 1972, Singer",C
In which cells is the Golgi apparatus (complex) most developed?,In spleen cells,In glandular cells,In blood cells,In liver cells,B
"Which organelle, when viewed under an electron microscope, appears to consist of a stack of rolls, a system of tubes with bubbles at the ends ?",Golgi apparatus,Lysosome,Endoplasmic reticulum,Mitochondria,A
"The function of which organ is aimed at concentrating, dehydrating and compacting intracellular secretion products and substances received from outside, intended for release from the cell.",Mitochondria,Endoplasmic reticulum,Lysosome,Golgi complex,D
Which organelle is an electron-dense substance with spherical vesicles with a diameter of 0.5–0.8 µm,Endoplasmic reticulum,Lysosome,Mitochondria,Golgi complex,B
"By means of pinocytosis and phagocytosis, substances entering the cell from the outside are digested. This -",Heterolysosome,Heterophagosome,Peroxisome,Autophagosome,A
Where do lysosomes mature?,In mitochondria,In the Golgi complex,In the endoplasmic reticulum,In the nucleolus,B
What are the different types of lysosomes?,Primary (inactive) and secondary,Temporary permanent,"Endogenous, exogenous",Digestive and enzymatic,A
Find the characteristics of a centriole.,"Inner hollow, diameter 10 nm, length 3-500 nm","Hollow, diameter 15 nm, length 30-50 nm","Hollow, diameter 150nm, length 300-500 nm","Hollow, diameter 50 nm, length 10-100 nm",C
When was the peroxisome as a separate structure described in science?,1968s at first,in the early 1970s . G,1870s at first,in the early 1960s,D
"Which cellular organelle has an electron-dense center and contains enzymes (urate oxidase, catalase)?",Heterolysosome,Peroxisome,Exoergonic,Endoergonic,B
What are microtubules made of?,From carbohydrates,From the sebaceous glands,From the protein tubulin,From a trace element,C
How many inclusions does a cell contain?,"4 types: trophic, secretory, excretory and pigmentary","3 types: trophic, secretory, excretory","3 types: trophic, excretory and pigmentary","2 types: trophic, secretory",A
"What type of carbohydrate in the diet is stored as glycogen, especially in liver and muscle cells?",Trophic,excretor,Secretary,Pigmentary,A
What type of inclusions in the form of electron-dense secretory cells contains various enzymes and biologically active substances and is a product of the activity of glandular cells,Trophic,Pigmentary,Secret _ _,excretor,C
What type of inclusions performs the excretory function.,Secretary,Trophic,Excretory,Pigmentary,C
What type of inclusion is a substance that gives a cell a certain color?,Secretary,Pigmented,excretor,Trophic,B
What nutrients are trophic deposits.,"Protein, vitamin","Fat, vitamin","Carbonated, enzyme","Fats, carbohydrates, proteins",D
What plant cell inclusions are large vacuoles with essential oils in the cell?,Sequayadendron,E vcalyptus,palm,Saxophone,B
What is catabolism?,Plastic exchange,Exoergonic,Endoergonic,Assimilation,B
Is assimilation a process ?,Endoergonic,Catabolism,Exoergonic,Energy exchange,A
How many ATF molecules are destroyed during glycolysis?,20 molecules,8 molecules,36 molecules,2 molecules,D
Which decomposition occurs in the anoxic phase and occurs in the cytoplasm?,Basic decomposition,Preparation,Glycolysis,Aerobic decomposition,C
"Find specific properties of assimilation. 1- Energy intake from food 2- Substance intake from food: proteins, carbohydrates and fats 3- Endoergonic process",13 _ _,"1,2,3",12 _ _,"2 , 3",B
"Characteristics of dissimilation. 1- Decomposition of proteins into H 2 O and CO 2, 2- Energy consumption for the activity of internal organs and motor activity, 3- Decomposition of nitrogen compounds, fats and carbohydrates into H 2 O and CO 2",12 _ _,13 _ _,"2 , 3","1,2,3",D
What is the function of the cell wall in plants?,"Protection, turgor",Control of cell movement,Control of cell division,Control of cell proliferation,A
"Determine the sequence of structural levels of life. 1) cell, 2) biogeocenosis, 3) population, 4) molecule, 5) tissue, 6) organism, 7) biosphere, 8) organ","4,1,5,8,6,3,2,7","1,4,5,6,8,3,2,7","1,2,3,4,6,5,8,7","4,1,5,8,7,3,2,6",A
Identify a slow-onset disease that is caused by bacteria.,AIDS,Tuberculosis,Plague,Hepatitis,B
What is the cell wall of bacteria called?,Cellulose,Cellulose,Murein,Pectin,C
What substance does the cell wall of blue-green algae consist of?,Pectin,Murein,Cellulose,Cellulose,A
What are spherical bacteria called?,Bacillus,Vibrio,Spirillum,Cocci,D
What is the name of the blue pigment in the blue-green algae cell?,Phycotian,Chlorophyll,Carotene,Xanthophyll,A
"Identification of prokaryotic organisms: 1) tuberculosis bacillus, 2) yeast fungus, 3) chlorococcus, 4) chlorella, 5) nostoc, 6) Chlorella, 7) oscillatorium.","1,3,5,7","1,2,3,4","1,3,6,7","2,3,5,7",A
Find blue-green algae used for food.,Nostok,Hara,Nitella,Chroococcus,A
Identify eukaryotic organisms.,"spirogyra, yeast mushrooms","Bacteriophage, tulip","Mushroom , oscillatorium , amoeba","Nostoc, amoeba",A
What is the stem of lower plants called?,Thallus,Stem,Mycellium,Rhizoid,A
Which organelle does the definition refer to - its function - protein synthesis and its transport,Golgi apparatus,Smooth endoplasmic reticulum,Lysosome,Endoplasmic reticulum,D
"What is the non-helical, uncompressed part of a chromosome called?",Centriole,Chromatin,Cytoskeleton,Centromere,B
What is the totality of quantitative and qualitative characteristics of the set of chromosomes in a somatic cell called?,Karyotype,Haploid,Diploid,Chromatin,A
"According to which hypothesis, the chloroplast, mitochondria and nucleus have a double membrane?",Symbiosis,Intussusception,Deviation,Immigration,B
What are chromosomes of the same shape and size called?,Homologous,Centromeric,Haploid,Hetrological,A
How many chromosomes does a squid have?,104,48,106,46,A
What is formed from the structure of chromatin?,Chromosome,Chromonema,Centromere,Chromatid,A
What structures are involved in protein biosynthesis.,Transfer RNA,"Tubulin proteins , RNA","Peptides, RNA","DNA, RNA , amino acid",D
Differences in the shape of chromosomes depending on the location of the centromere (primary belt) in them?,"3: metacentric, submetacentric and acrocentric.","3: metacentric, telomeric and acrocentric.",2: metacentric and acrocentric,"4: metacentric, submetacentric, telomeric and telocentric .",A
What are equal-armed chromosomes called?,Telocentric,Acrocentric,Metacentric,Submetacentric,C
What are unequal-armed chromosomes called?,Metacentric,Submetacentric,Acrocentric,satellite new,B
In which chromosomes is the centromere the last chromosome? (telomere) one arm of the chromosome is very short and rod-shaped.,Metacentric,Acrocentric,Submetacentric,Telocentric,B
What are the very well colored parts of a chromosome called?,Chromatid,Chromonema,Chromatin,Chromomere,D
What is formed from the nucleoprotein complex formed by chromatin-containing DNA nucleohistones and parts together?,Mono and polychromatin,Chromatid and chromosome,Hetero and euchromatin,Chromatid and chromonema,C
How long does the prophase phase last?,6-40 min,10-100 min.,4-25 min,9-30 min.,B
"Indicate the properties of the prophase period 1. Chromosomes of bichromatids twist in a spiral, do not shorten or thicken, 2. The nuclear envelope and nucleus dissolve, 3. Mitotic threads begin to form.",1.2,1.3,"1,2,3",2.3,D
How long does the metaphase phase last?,6-40 min.,4-25 min,9-30 min.,10-100 min.,A
Determine the characteristics of the metaphase period. 1. Chromosomes of bichromatids move along the equator of the cell 2. mitotic threads are attached to the centromeres of chromosome 3. 2n2c,"1,2,3",1.2,2.3,1.3,B
How long does the anaphase phase last?,9-30 min.,6-40 min,4-25 min.,10-100 min.,C
"Determine the characteristics of the anaphase period. 1. Centromeres divide, 2. Chromatids (daughter chromosomes) divide by dividing mitotic chains at the poles of the cell, 3. 2 n 4 c , 4. Each pole has as many chromosomes as the mother cell has.","1,3,4",1.3,"1,2,4","1,2,3",C
How long does telophase last?,4-25 min,6-40 min,10-100 min.,9-30 min.,D
"What is the biological significance of mitosis? 1- During mitosis, two daughter cells (2n2c) are formed from a mother cell (2n4c), 2- Each daughter cell has a chromosome similar to the mother cell , 3- Mitosis ensures an even distribution of genetic material",1.3,2.3,"1,2,3",1.2,C
Determine the method of reproduction characteristic of bacteria and ciliates?,conjugation,Schizogony,Ovogonia,Copulation,A
How many types of gametogamy are there in copulation?,Type 2: isogamy and heterogamy,Type 2: isogamy and polygamy,"3 types: isogamy, heterogamy and oogamy","3 types: isogamy, polygamy and ugamy",C
Who was the first to use artificial parthenogenesis in rearing silkworms?,Nicholson (1972),Flemming (1842),A. Astaurov (1937),A.D. Tikhomirov (1885).,D
Who invented the method of reproduction by androgenesis?,Boveri (in 1842),HELL. Tikhomirov (1885).,Singer (1972),A. Astaurov (1937),D
What are the periods of prophase 1?,"Leptotene, zygotene, pachytene, diplotene, diakinesis","Liptotene, zygotene, pachytene, diplotene, interkinesis, diakinesis","Liptotene, zygotene, paxiten, interkinesis","Liptotene, zygotene, diplotene, diakinesis",A
"At what stage of prophase I do the chromosome strands, which are actually made up of two chromatids, form thin strands. As the chromosome thickens and curls, threads begin to appear in the chromatin and the chromomeres become more pronounced.",Diplotena,Leptotene a,Zygote,Pachytena,B
What is the basis of biological evolution?,Fight for survival,Individual development,Artificial selection,natural selection,D
"Which scientist, in what year, introduced the term “evolution” into science?","Darwin, 1859","A. Sturtevant, 1902","Hardy, 1908.","C. Bonnet, 1762",D
Which evolution is irreversible?,Biological,Atom ary,Galactic,Geological,A
Which of the following works was written by Aristotle?,"""History of Animals"", ""Origin of Species"".","“Origin of Animals”, “Parts of the Body of Animals”, “History of Animals”.","“The Origin of Animals”, “Philosophy of Zoology”.","“Parts of the body of animals”, “Philosophy of Zoology”.",B
Who created the doctrine of modern microevolution?,Boveri and Flemming,"Dobryansky, Timofeev-Resovsky","Darwin, Morgan","R. Virchow, Bonn",B
Who first introduced the term “population” into genetics?,Boveri in 1842,R. Brown in 1831,J. Purkinye in 1839,W. Johansen in 1903,D
Variation in the number of individuals in a population is an important evolution. Who was the first to notice the importance of this process and what did he call this process?,"Virchow's book ""Cellular Pathology"".","Aristotle ""History of Animals""","Lamarck ""Philosophy of Zoology""","Chetverikov S.S. ""Waves of Life""",D
What do you mean by geographic isolation?,Various obstacles appear in the area due to the fact that the species is divided into several groups,The same obstacles appear within the area due to the fact that the species is divided into many groups,Various obstacles appear in the area. Due to the fact that species can be grouped into several groups.,The same obstacles appear within the area due to the fact that the species live in groups in several groups,A
What species are called species that arose as a result of an increase or decrease in the number of chromosomes.,Aneuploidy,Allopolyploid,Autopolyploid,Anupolyploidy,A
Which years included Darwin's Beagle expeditions?,1830-1835,1836-1941,1831-1836,1800-1805,C
A form of natural selection that determines the preservation of adaptive traits of organisms under constant environmental conditions,Stabilizer selection,Stabilizing selection _ _ _,Disruptive selection,Sexual selection,B
A form of natural selection that favors only one direction of change in a trait and does not favor all others.,Sexual selection,Disruptive selection,Stabilizer selection,Driving selection,D
Who studied the phenomenon of genetic drift (genetic automatic processes)?,N.P. Dubinin and D.D. Romashev in 1931-32.,"F. G. Dobryansky, N. V. Timofeev-Resovsky 1937-1938","S. Wright, R. Fisher, N. P. Dubinin, D. D. Romashev in 1931-32.",Boveri and Flemming 1937-1938,C
"In what countries did Darwin spend five years on the Beagle ship and become acquainted with the flora and fauna of ancient and modern times, being a naturalist?","In the Atlantic, Pacific and Indian oceans, on many islands, Great Britain.","In the Atlantic, Pacific and Indian oceans, on many islands, in Australia, South Africa.","Australia, South Africa, London","On the southwest coast of South America, Korea.",B
What did Darwin discover during his voyage on the Beagle?,He recognized that there were only many similarities between animals that had died in the past and those that were now alive.,He recognized that there are many similarities and differences between existing animals and those that are still alive.,He acknowledged that there are many similarities and differences between plants that died in the past and those that are alive today.,He acknowledged that there are many similarities and differences between animals that died in the past and those that are now alive.,D
"By comparing the animals of North and South America, Darwin determined which South American animals were not found in North America?","Llama, tapir, sloth, anteater, armored animals","Llama, tapir, lazy, anteater, artiodactyls","Llama, tapir, pendant, anteater, ungulates","Llama, tapir, sloth, fish, armored animals",A
What is microevolution?,It is a mutational process that creates the material for genetic diversity and natural selection.,"This is a long-term, irreversible change in the gene pool of a population, which goes in a certain direction.",Diversity refers to the diversity of higher systematic units.,Leads to stratification within a population and to stratification within a species,D
What is macroevolution?,"This is a long-term, irreversible change in the gene pool of a population, which goes in a certain direction.",Leads to diversity of systematic units over species.,It is a mutational process that creates the material for genetic diversity and natural selection.,It occurs within populations and leads to the stratification of the species and its intraspecific diversity.,B
What is an elementary evolutionary phenomenon?,It is a mutational process that creates the material for genetic diversity and natural selection.,It occurs within populations and leads to the stratification of the species and its intraspecific diversity.,Diversity refers to the diversity of higher systematic units.,"This is a long-term, irreversible change in the gene pool of a population.",D
What is the elementary material of evolution?,The diversity of systematic units above species is indicated.,"This is a long-term, irreversible change in the gene pool of a population, which goes in a certain direction.",It occurs within populations and leads to the emergence of a species and its intraspecific diversity.,Mutations because they create material for genetic diversity and natural selection,D
In what year was Lamarck's Philosophy of Zoology published?,1814,1809 g,1812,1801,B
What is the result of natural selection?,organism,view,Strain,cell,B
"What is formed as a result of artificial selection? 1) breed, 2) variety, 3) species, 4) subspecies, 5) population, 6) strain",1.2.5,1.2.3,1.2.6,1.4.6,C
Which scientist expressed the first ideas in the field of embryology?,Empedocles,Theophrastus,Aristotle,Lamarck,C
"A collection of individuals that have existed for a long time within the range of one species and are relatively isolated from others, producing freely interbreeding offspring?",subspecies,view,Population,pride,C
"In ontogenesis, a brief repetition of phylogeny is called....",Biogenetically m law,Law of similarity of embryos,Cell theory,Law of homologous series,A
"What is the name of a group of individuals that are similar in morphological-anatomical, physiological-ecological, biochemical and genetic characteristics, occupying a natural habitat ?",view,Ecological community,Population,Subspecies,A
What is the main factor in the production of new varieties and varieties?,"Genetic variability, natural selection",Heredity and variability,Artificial selection and natural selection,"Genetic variability , artificial selection",D
"Which scientist combined species into genera, genus into family, family into orders, order into classes, class into subtypes, subtypes into types?",Lamarck,Darwin,Theophrastus,Lynn to her,D
"Who wrote ""Animal Parts""?",Theophrastus,Hippocrates,Aristotle,Fales,C
What doctrine of change and development takes place in the life of nature and society?,Biosphere,Evolution,Biology,Device,B
At what level of life does biogenic migration of substances occur?,Molecule,Biogeosinosis,Ontogenetic,Biosphere,D
What led to the theory of evolution of the biosphere by scientists.,"Vernadsky, Dubinin, Vavilov","Vernadsky, Sukachev, Tensley","Vernadsky, Chetvernikov, Tansley","Vernadsky, Vavilov, Turesson",B
Darwin explained the evolutionary mechanism and explained the evolution and formation of species. How did this lead to education?,"Like artificial selection, natural selection","Adaptation of species, emergence of species","Stability of the species, emergence of species",Evolutionary theory as an evolutionary doctrine,D
In what year was Darwin's most famous work published?,Appearance of the species 1875,Appearance of the species 1859,Appearance of the species 1839,Appearance of the species 1851-1854,B
Determine the main directions of evolution.,"Degeneration, disguise","Aromorphosis, idioadaptation, degeneration.","Aromorphosis, genetic change, adaptation","Idioadaptation, adaptation, disguise",B
An example of this is the pollination of plants in different ways.,Idioadaptation,Aromorphosis,Degeneration,Senogenesis,A
What is microevolution?,Towards evolutionary changes occurring within systematic units above species,Evolutionary changes within a species,The struggle for coexistence within a species and generation,Transition to a system in higher systematic units,B
What are the main theories of the origin of life? 1) creationism 2) origin of life 3) panspermia 4) biochemical evolution 5) synthetic 6) geocentric 7) heliocentric,"1,3,5,6,7","1,3,5,7","1,2,3,4","2,5,4,6",C
What are the main features of life?,"Self-education, development, reproduction","Self-renewal, self-reproduction, self-regulation","Self-renewal, growth","Self-government, growth and development, reproduction",B
How many chemical elements are in a cell?,60,50,70,80,C
Find the line that lists macronutrients.,"Zn, C, O, Co","Mg, J, Cr, Co","C, O, P, Fe","K, Na, Ca, F",C
Find the line that lists micronutrients.,"Zn, Co, Mn, J","Mo, C, O, Cr","Mg, Cl, Fe, Co.","K, Na, Ca, O",A
"What percentage of the cell mass is made up of the elements H , C , O , N ?",95%,97%,98%,96%,C
What elements ensure the passage of substances through the cell membrane?,"Na, K","Cl, Mg","K, Fe","Fe,Na",A
What element is contained in hemoglobin?,Cl,Mg,Na,Fe,D
What is the percentage of water in the tooth enamel layer?,50%,5%,90%,10%,D
How much water is in a plant cell?,10%,90%,50%,5%,B
What bond exists in a water molecule?,Hydrogen garden,Covalent bond,Ionic Garden,Metal garden,A
What elements are found in bone?,"Mg,Cl","P, Ca.","Ca, S","P,Na",B
What percentage of an organism's cell is made up of organic matter?,30-40%,20-30%,40-50%,50-60%,B
List the amino acids without a ring.,"Leysine, Lysine","Arginine, Tyrosine","Valine, Tyrosine","Tyrosine, Proline",A
Specify ring amino acids.,"Valin, Sistine","Lysine, Arginine","Proline, lysine","Tyrosine, Tryptophan",D
What role does blood protein play?,Excitability,Hormone,Transport,Catalyst,C
How many amino acids are there in natural proteins?,20 types,40 different,30 different,22 different,A
What are the names of proteins that are soluble in pure distilled water?,Renaturation,Denaturation,Globulins,Albumin,D
Find the line that lists the album.,Egg white,Chromaprotein,Blood protein,Lipoprotein,A
How much (%) protein is contained in cotton fiber?,93%,94%,95%,96%,C
What is polyploidy:,Chromosome shortening,Chromosome multiplication,Chromosome polarization,Chromosome separation,B
Which scientist and his students separated a virulent bacterium (S-type) with polysaccharide skin into small pieces?,Holden,Avery,Oparin,Miller,B
What is karyokinesis?,Nuclear fission,Copying chromosomes,i-RNA formation,Cytoplasmic division,A
What are species with separate habitats called?,Sympathetic species,Population types,Allatropic species,Genetic species,C
Species whose habitats merge with each other or are completely compatible with each other?,Allatropic species,Genetic species,Sympathetic views,Population types,C
"What is the evolutionary process that leads to the formation of relatively large, systematic groups of species - new generations, families and families?",Natural selection,Macroevolution,Microevolution,Artificial selection,B
What does the divergence of characters and properties mean in initially close groups of organisms during evolution ?,Replication,Degeneration,Convergence,Divergence,D
What progress (aromorphosis) characterizes the improvement in the evolution of the structure and function of the body?,Senogenesis,Aromorphosis,Idiomatic adaptation,Morphophysiological,D
What is senogenesis?,Postembryonic adaptation,Embryonic adaptation,Aromorphosis,Historical adaptation,B
What useful adaptations arise at certain stages of individual development and then disappear.,Senogenesis,Aromorphosis,Morphosiological regression,Idiomatic adaptation,A
"What substances, the action of which is aimed at enhancing and accelerating the formation and renewal of structural parts of cells, tissues, muscles, appear at the end of embryonic development and prolong embryogenesis?",Senogenesis,Deviation,Replication,Anabolic steroids,D
How does the transfer of a genetic factor from one bacterial cell to another occur when two bacterial cells walk side by side and stick to each other?,Transformation,Replication,Transduction,Conjugation,D
What is the combination of a nitrogenous base and ribose or deoxyribose.,Nucleic acid,Nucleoside,Nucleotide,Protein,B
What happens when a phosphoric acid residue combines with a nucleoside.,Nucleoside,Nucleic acid,Nucleotide,Protein,C
How do nucleotides join together to form a long chain of DNA or RNA?,Open chain,Disulfide bond,Phosphodiester swamp,Phosphoric acid,D
What are the genetic factors that are isolated from chromosomes and are capable of autonomous reproduction.,Transposon,Autonomous plasmid,Retrotransposon,Plasmids,D
Which scientist coined the term “plasmids”?,Avery in 1944,1928 Griffith,Lederberg in 1952,In 1889 R. Altmann,C
When and which scientist isolated a separate substance with acidic properties from the cell nucleus and called it nucleic acid,Altman in 1879,Altman in 1889,F. Miescher in 1889,F. Miescher in 1879,D
"Which scientist introduced the term nucleic acid to science and showed that the nucleus contains purine, pyrimidine and 5 atomic carbons (sugars) from nitrogenous bases in addition to phosphoric acid.",1952 Lederberg,Avery in 1944,In 1889 R. Altmann,1928 Griffith,C
"Which scientist determined that the amount of adenine in the DNA molecule of all organisms always corresponds to the amount of thymine, and guanine to the amount of cytosine?",1952 Lederberg,In 1889 R. Altmann,In 1950 E. Chargaff,1928 Griffith,C
Types of replication indicated by G.Sten in 1957. How does double-stranded replication of a DNA molecule occur?,"Conservative, semi-conservative, dispersive","Semi-conservative, dispersive","Conservative, dispersive","Conservative, semi-conservative",A
Stages of protein biosynthesis?,"Increased amino acid activity, elongation, termination","Increased amino acid activity, initiation, elongation, termination","Increased amino acid activity, initiation","Initiation, extension, termination",B
What do you mean by elongation?,Initiation of polypeptide chain synthesis,Elongation of the resulting polypeptide chain,Completion of polypeptide chain formation,Exchange and shortening of the polypeptide chain,B
What is initiation?,Elongation of the resulting polypeptide chain,Exchange and shortening of the polypeptide chain,Initiation of polypeptide chain synthesis,Completion of polypeptide chain formation,C
What is termination?,Elongation of the resulting polypeptide chain,Exchange and shortening of the polypeptide chain,End of polypeptide chain formation,Initiation of polypeptide chain synthesis,C
How is protein biosynthesis regulated in a cell?,"Inhibitor, suppressor","Repression, suppression, Inhibitor, suppressor","Inhibitor, suppressor, suppression","repression, inhibition",D
What is the name given to preventing the formation of enzymes involved in protein biosynthesis?,Inhibitor,Repression,Suppressor,Complementer,B
What is the decrease in the activity of enzymes involved in protein biosynthesis called?,Complementer,Suppressor,Repression,Inhibition,D
Who was the first to determine the variability of heredity?,1920 Koltsov,1901 De Vries,1869 Friedrich Miescher,1920 M.E.Labashev,B
Which scientist founded genetics?,1866 G. Mendel,1869 Johann Friedrich Miescher,1920 Koltsov,1920 M.E.Labashev,A
Which scientist discovered nucleic acid?,1869 Johann Friedrich Miescher,1920 M.E.Labashev,1866 G. Mendel,1920 Koltsov,A
Which scientists officially confirmed the origin of the work of G. Mendel and genetics?,"1869 Friedrich Miescher, De Vries, Cermak","1900 De Vries, Cermak, Karl Correns","1900 De Vries, Chermak, Astaurov","1869 Friedrich Miescher , Astaurov",B
What association of Russian eugenicists was created under the leadership of scientists?,1918 Miescher,1918 M.E.Labashev,1920 Rings,1920 De Vries,C
have misconceptions that people with bad behavior and bad habits in society should not leave offspring?,Koltsov and his friends,Friedrich Miescher and his friends,Astaurov and his friends,M.E.Labashev and his friends,A
Which scientists discovered the helical shape of DNA and thereby made a huge breakthrough in genetics?,"1869 Friedrich Miescher , Astaurov",1920 Koltsov,1953 Watson and Crick,"1900 De Vries, Cermak, Karl Correns",C
Which scientists studied the transmission of genes from one generation to another on chromosomes?,Morgan and his students J. Muller and A.G. Sturtevant,"Morgan, Watson and Crick","De Vries, Cermak, Karl Correns","Friedrich Miescher , Astaurov",A
"Which scientist was awarded the Darwin Order in 1924, a member of the US National Academy in 1909, its President in 1927-1931, and the Nobel Prize in 1933?",Misher,De Vries,Morgan,Mendel,C
What method is used to study the patterns of appearance of signs in the first and subsequent joints where organisms are intertwined.,Ontogenetic,Cytogenetic,Immunogenetics,Hybridization,D
"Which method, based on a combination of cytological and genetic methods, is used to study chromosomes in a cell.",Ontogenetic,Molecular genetics,Hybridization,Cytogenetic,D
"What method can be used to solve problems of karyotype, sex chromatin, chromosomal mutations, chromosome mapping, genome origin?",Ontogenetic,Hybridization,Cytogenetic,Immunogenetics,C
What method is used to study the production of traits by genes during the individual development of organisms?,Ontogenetic,Hybridization,Immunogenetics,Cytogenetic,A
How can the history of the development of genetics be divided into periods?,Classics (1900-1930) and synthetics 1954,"Classic (1900-1930), neoclassicism (1930-1953) and synthetics 1954","Classic (1900-1930), neoclassicism (1930-1953)",Neoclassicism (1930-1953) and synthetics 1954,B
"Which period of genetics begins in 1900, when three scientists, independently of each other, rediscover the laws of heredity in three different states, namely, G. de Vriese, K. Correns and K. Cermak in different organisms?",Classic period,Neoclassicism,Synthetic,Evolution,A
"Which scientist coined the terms ""gene"", ""genotype"" and ""phenotype""?",A. Korenberg In 1909,O. Avery In 1909,SGLevit In 1909,V. Johansen In 1909,D
Which scientists together created the chromosomal theory of heredity that underlies modern genetics?,"A. Sturtevant, C. Bridges, O. Avery 1909-11","T. Morgan , A. Sturtevant, K. Bridges , G. Mellerlar 1909-11","S.G. Levit, A. Sturtevant, K. Bridges, Mendel 1909-11","A. Korenberg, A. Sturtevant, K. Bridges, T. Morgan 1909-11",B
"Works whose scientists firmly linked genetics with the theory of evolution formed the basis of the synthetic theory of evolution: 1-S.S. Chetverikov, 2-N.P. Dubinin, 3-D.D. Romashov, 4-D.D. Holden, 5-S.Wright, 6-F.G.Dobryansky, 7-N.V. Timofeev - Resovsky","1,2,3,4,5,6,7","1,2,3,4,5","1,4,5,6,7","1,2,3,4,7",A
Which scientists made significant contributions to the development of human genetics and medical genetics?,Everything is correct,"V.P.Efroimson, A.A.linovsky","S.G. Levit, S.N. Davidenkov","S.N. Ardashnikov, A.A. Prokofieva - Belgovskaya.",A
Who is the founder of medical genetics in the CIS countries?,S.Zh.Levit,O. Avery,S.N. Davidenkov,A. Korenberg,A
"The scientist who developed neurogenetics, determined the heterogeneity of hereditary diseases, was one of the first who attached great importance to medical genetic counseling.",S.N. Davidenkov,O. Avery,A. Korenberg,SGLevit,A
"By 1944, scientists had proven that the transmission of genetic information in microorganisms is associated with nucleic acids (DNA), thereby proving that the material basis of heredity is the DNA molecule, not protein.","S.N. Ardashnikov, A.A. Prokofieva - Belgovskaya.","V.P.Efroimson, A.A.linovsky","O. Ever, K. McLeod and M. McCarthy","S.G. Levit, S.N. Davidenkov",C
Which American biochemist discovered the rule of complementarity of purine and pyrimidine bases?,E. Chargaff,Astaunov,M.E.Labashev,A. Korenberg,A
"When did any scientist discover the enzyme involved in DNA synthesis, DNA polymerase?",M.E.Labashev in 1956,E. Chargaff in 1958,A. Korenberg in 1956,S. Benzer In 1958,C
When did French scientists discover the operon principle of gene structure and the mechanism for regulating the activity of bacterial genes?,S. Benzer and A. Korenberg In 1951,E. Chargaff and M.E. Labashev In 1961,F. Jacob and J. Monod in 1961,"A. Korenberg, A. Korenberg In 1951",C
Identify the tiny parts of a gene in modern gene theory.,"Genes, chromosomes, genomes (genotypic)","Systron, Mouton, recon","Genes, chromosomes","Sistron, scout",B
How many different levels of genetic material are there in eukaryotic organisms?,1. gene level; 2. Genomic (genotypic) level,1. gene level; 2. Chromosome level,1. Chromosomal level; 2. Genomic (genotypic) level,1. Gene level; 2. chromosomal ; 3. Genomic (genotypic) level,D
"According to this scientist, the gene consists of very small parts: the cistron, the mouton and the recon.",E. Chargaff,A. Korenberg,S. Benzer,Astaunov,C
What is the smallest part of a gene that can be modified?,Mouton,Recon,Chromatid,Sistron,A
"When any scientist observed the phenomenon of staged alleles by exposing a Drosophila fly to X-rays and proved that a gene was made up of tiny parts, i.e. that the gene can be divided?",S. Benzer In 1929,A. Korenberg In 1929,A.S. Serebrovsky in 1929,Astanov in 1929,C
"Determine the properties of the gene: 1. The discreteness of the effect is controlled by different genes, different genes located on different chromosomes; 2. The gene is stable - in the absence of mutation, it is passed on from generation to generation without changes; 3. Specificity of gene action - controls one gene, one trait or group of traits; 4. The pleiotropy gene allows several traits to develop simultaneously.","1,2,3","1,2,3,4","1,2,4","2,3,4",B
Indicate the laws of inheritance of traits. 1- Law of homogeneity of first generation hybrids 2- Law of separation of characteristics in second generation hybrids 3- Law of independent distribution of genetic factors (genes) 4- Chargaff’s Law,"1,2,3","1,2,4","2,3,4","1,3,4",A
What genes cause the death of the body?,Lethal,Hypostatic,Inhibitor,Suppressor,A
"When inherited, the complementary genotype AaBB indicates what shape the pumpkin fruit is",Long,Disc-shaped,Round,Triangle,B
What is genetic variation?,To variability that is not associated with changes in the genotype of the organism and persists for several generations.,Towards variability arising under the influence of crossover during meiosis,Variability not associated with a change in genotype occurring under the influence of the external environment.,Variability associated with changes in the genotype of an organism and persisting for several generations.,D
What kind of disease of the hands,Syndactyly,Microcephaly,Polydactyly,Acrology,A
What is polyploidy,To the number of homologous chromosomes,Reducing the number of chromosomes,Increase in the number of chromosomes,Towards the interaction of chromosomes,C
The scientist who proved that the transformation of strain R into strain S depends on a DNA molecule?,Bonne,F. Griffith,G. Georgiev,Avery,D
Find the answer given by chromosomal diseases. 1-Phenylketonuria 2-Down syndrome 3-Albinism 4-Shershevsky-Turner 5-Hemophilia 6-Color blindness 7-Klinefelter,1.2.4.7,2.4.7,1.3.5.6,2.4.6.7,B
Identify genetic diseases associated with the sex X chromosome.,"Hemophilia, color blindness","Microcephaly, phenylketonuria","Albinism, color blindness","Hemophilia, syndactyly",A
Which people have Down syndrome?,Only for women,For all people,Only for small children,Only for men,B
Which scientists substantiated the chromosomal theory of heredity?,"T. Boveri, W. Setton","Hugo de Vries, V. Johansen","V. Johannsen, W. Setton","E. Wilson, Hugo de Vries",A
Find the answer given by genetic diseases. 1-Phenylketonuria 2-Down syndrome 3-Albinism 4-Shershevsky-Turner 5-Hemophilia 6-Color blindness 7-Klinefelter,2.4.7,1.3.5.6,1.2.4.7,2.4.6.7,B
Name the scientist who called the science of heredity and variability genetics.,"In 1908, Hugo de Vriese",In 1906 V. Johansen,In 1906 W. Betson,In 1908 E. Wilson,C
"What are the names of organisms formed by mixing forms that differ in three, four or more stable characteristics?",Polymer,Poly hybrid,Additional,Diduragai,B
Enzymes that break down fats,Lias,Transferases,Lipases,Anhydrazas,C
What vitamins are synthesized in human skin under the influence of ultraviolet radiation?,Vitamin A,Vitamin D,Vitamin C,Vitamin B,B
Modifier genes……….,Genes that increase or decrease the activity of major genes influencing traits,The influence of genes that are not alleles in the genotype together on the development of a new trait,Dominance of one dominant gene over another non-allelic dominant gene,Unilateral effect of allelic and non-allelic genes,A
What does the amount of crossing over mean?,Distance between genes,Organism aggregation group,Number of organisms resulting from crossover,Are genes dominant or recessive?,A
Which scientist was able to create an artificial taxonomy of plants and animals?,N.I.Vavilov,J.B. Lamarck,K. Lynn to her,Sechenov,C
What kind of reproduction does not change the constancy of the number of chromosomes when changing generations?,Mitosis,Parthenogenesis,Meiosis,Amitosis,C
How many amino acids are in the hemoglobin protein chain?,143,145,142,141,D
Find a characteristic of the law of gamete purity.,One character completely dominates another character,Gametes have only one of the allelic genes in their genotype.,The organism is homozygous,The genotype of an organism consists of the same allele.,B
In what proportions does phenotypic division occur in F2 in a dihybrid cross?,"9:3:3:1, 3:6:3:1:2:1",9:3:3:1,1: 2: 2: 4: 1: 2: 1: 2: 1,"3:1, 1:2:1",B
Which scientists rediscovered Mendel's laws? 1) Morgan 2) De Vries 3) Correns 4) Nilsson Ehle 5) Miller 6) Cermak,"2,3,4","4,5,6","2,3,6","1,2,4",C
Mendel's third law,Law of Character Separation,Law of Homogeneity,Law of gamete purity,Law of independent inheritance of characters,D
Which scientists invented the chromosome theory? 1) Morgan 2) Bridges 3) Sturtevant 4) Meller 5) Mendel 6) Nadson 7) de- Frieze,"1,2,3,4","4,5,6,7","3,4,6,7","2,4,5,6",A
"If a diheterozygous hybrid is crossed with a recessive homozygous organism, in what proportion will the next generation be divided by genotype?",3:1,1: 2: 2: 4: 1: 2: 1: 2: 1,1:2:1,1:1:1:1,D
What are simple organic compounds with small molecules called?,Amino acid,Fermentation,Monomer,Macromolecule,C
What disease has 45 chromosomes?,Shershevsk ogo- Turner a,Klinefelter syndrome,Down,Microcephaly,A
At what phase of meiosis does the crossing over process occur?,Metaphase I,Metaphase II,Prophase I,Prophase II,C
The dominance of one allelic gene over another gene is called ……….,Polymer,Pleiotropy,Epistasis,Additional,C
Which of these diseases are hereditary?,"Plague, cancer, smallpox","Epilepsy, cretinism, hemophilia","Tuberculosis, measles, smallpox","Rickets, caries, dysentery",B
"In monohybrid hybridization, in what ratios is F2 subjected to genotyping?",3:1,eleven,1:2:1,2:1,C
Who discovered the law of similarity of embryos?,AOKovalevsky,"E. Heckel, FMüller",K.Ber,A.N.Severtsev,C
What is the phenomenon between telophase I and prophase II called ?,Cytokinesis,Mitosis,Interkinesis,Interfacial,C
At what stage of interphase does the number of cell centers double?,After synthesis (G2),During synthesis (S),Prophase,Before synthesis (G1),B
Which stage of mitosis is not observed?,Metaphase,Interkinesis,Cytokinesis,Prophase,B
What organisms reproduce by parthenogenesis?,"Small crustaceans, male bees","Female bees, crayfish","Butterflies, flies","All simple animals, chokers",A
What are the different chromosomes in men and women called?,Hemizogotes,Heterozogy,Sex chromosomes,Autosomes,C
How many types of interspecies relationships are there?,"2 types Antibiosis, symbiosis","2 types: predation, parasitism.","2 types: endogenous, exogenous","3 types: synocism, mutualism, commensalism.",A
What do you mean by antibiosis?,Two species can live together and die together.,"The inability of two species to live together, i.e. competition for food",Coexistence of all types of organisms,"Competition for space, not food",B
Symbiosis is......,Failure of two species to live together,Life together,Type of food competition,Type of competition for place and food,B
How many types of symbiosis are there?,"2 types: endogenous, exogenous","Type 2: temporary, permanent","2 types: synergism, antagonism","2 types: active, inactive (passive)",C
Find examples of a suitable form of antibiotic?,Bacteriophages and unicellular algae,Saprophytic bacteria and molds,Yeast fungus and perennial plant,Cyanobacteria and lichens,B
How many types of synergy is the form available?,"3 types: synocism, mutualism, commensalism.","2 types: endogenous, exogenous","2 types: predation, parasitism.","2: Antibiosis, symbiosis",A
What is a rental property called?,Mutualism,Commensalism,Sinoikia,Parasitism,C
What does it mean to live in a mutually beneficial partnership?,Commensalism,Mutualism,Parasitism,Sinoikia,B
What's it like to live free of food waste?,Parasitism,Sinoikia,Mutualism,Commensalism,D
Find an example of Synocynia?,"Bent head worm, schistosomiasis",living in rodent nests.,of bacteria E. coli in humans,Oral and intestinal amoebas,B
Find an example of mutualism?,"Bent head worm, schistosomiasis",Occurs in E bacteria . coli in humans,Oral and intestinal amoebas,Iskabtopar living in a rodent nest,B
Found an example of commensalism?,of bacteria E. coli in humans,Oral and intestinal amoebas,"Bent head worm, schistosomiasis",Iskabtopar living in a rodent nest,B
What does medical parasitology study?,Various diseases that occur in humans,Methods for combating human genetic diseases,"Parasites found in humans, the diseases they cause and how to combat them",Ways to combat diseases that occur in animals,C
How many different forms of antagonism are there?,"2 types: predation, parasitism.","2 types: predation, parasitism","3 types: predation, parasitism, symbiosis","2 types: predation, parasitism.",B
What form of antagonism is observed is a food bond that kills prey and uses it as a food source.,Sinoikia,Predation,Parasitism,Mutualism,B
What form of antagonism occurs when one species uses another as a food source and habitat.,Predation,Parasitism,Sinoikia,Mutualism,B
"Name the scientists who contributed to the development of parasitology? 1.V.A. Dogel 2.E.P. Pavlovsky, 3.INMarsinovsky, 4.K.I.Skryabin, 5.V.N.Beklemishev, 6.N.A.Kholodkovsky, 7-Virkhov","1,2,3,4,5,6","1,2,3,5,6,7","1,2,3,6,7","3,4,5,6,7",A
How are diseases classified by etiology?,"Endogenous, exogenous",Temporary permanent,Mono and polyphagous,"Active, inactive",A
Endogenous feature?,A biological phenomenon is the coexistence of two species.,The disease is based on anomalies in the structure and function of the hereditary apparatus.,"Having a different nature, it is caused by injuries (injuries), eating disorders, vitamin deficiency.",Living harmlessly through food waste,B
Exogenous feature?,A biological phenomenon is the coexistence of two species.,The disease is based on abnormalities in the structure and function of the hereditary apparatus.,"It has a different nature and occurs due to injuries, eating disorders, and vitamin deficiencies.",Living harmlessly through food waste,C
What diseases are caused by living organisms?,"Infectious, parasitic","Active, inactive",Temporary permanent,Mono and polyphagous,A
What causes infectious diseases?,"Simple animals, spirochetes, algae, amoebas","Viruses, bacteria, spirochetes, rickettsia and fungi","Animal parasites, spirochetes, rickettsia","Ungulates, spirochetes, bacteria",B
How many species of parasites are currently known?,About 6000,About 600,"About 60,000",About 60,C
"If there are currently about 60,000 species of parasites, how many of them parasitize the human body?",More than 1000,More than 1500,More than 150,More than 100,A
What are the main areas of medical parasitology?,"3: medical ethology, medical helminthology, medical arachnoentomology","3: medical protozoology, medical helminthology, medical arachnology.","3: medical protozoology, medical entomology, medical ethology","3: medical protozoology, medical helminthology, medical arachnoentomology.",D
In which branch of medical parasitology is the study of parasitic worms?,Medical protozoology,Medical helminthology,Medical ethology,Medical arachnoentomology,B
What does medical arachnoentomology study?,"Simple animals and insects that cause and spread diseases, and methods of combating them","Worms, simple animals and methods of controlling them that cause and spread diseases",Spiders and worms that cause and spread diseases and how to combat them,"Spiders and insects that cause and spread diseases, and methods of combating them.",D
Which process is characterized by antagonistic interaction between coexisting organisms.,Sinoikia,Predation,Parasitism,Mutualism,C
"What parasitism is an accidental condition in which an organism of a species that lives freely in nature accidentally enters the host's body and becomes temporarily parasitic (for example, a leech parasitizes the nasal cavity or larynx of a person).",Real,Optional,Bond,False,D
What parasitism is a feature of a species that appeared in the process of evolution.,true,Lie,Optional,Bond,A
"What kind of parasitism is that some organism of a species, living freely in nature, accidentally enters the host’s body and temporarily becomes a parasite.",Optional,optional,Bond,Real,B
"Which parasitism is a parasitic way of life for this species, most of the life of parasites is connected with the host organism, and parasitism is a feature of the species for them.",Lie,Real,Obligate,Optional,C
Which groups are divided according to the period of interaction between host and parasite?,Mono and polyphagous,Active and inactive,"Ectoparasite, endoparasite",Temporary and permanent _,D
What parasites spend most of their lives in the host's body?,Active,Temporary,Inactive (passive),Constant,D
"What parasites spend most of their life in a free external environment, and spend part of their life in contact with the host organism, which mainly occurs during feeding.",Inactive (passive),Constant,Active,Temporary,D
What groups are persistent parasites divided into? 1- Stationary permanent parasite 2- Periodic permanent parasite 3-Laural parasite 4-Imaginal parasite,"1,2,3,4","2,3,4","1,3,4",3.4,A
What groups of parasites are divided depending on their location in the host’s body?,Mono and polyphagous,"Ectoparasite, endoparasite",Temporary permanent,Active and passive,B
There are ectoparasites,Parasitizes inside the muscles,Parasites on the external surface of the host's body,Parasites inside the stomach,Those who live in the body of the master,B
Find parasites that are not ectoparasites?,Bed bugs,Flukes,Lice,flies,B
Endoparasites are,Those who live inside the host's body,Parasites on the external surface of the host's body,Parasites on the outside of the stomach,Parasitizes outside the muscles,A
Find an organism that is not an endoparasite?,Trixinella,Toxoplasma,Bed bugs,Suckers,C
What are the names of microorganisms and animals that can cause disease?,Pathogenic organism,Nopathogenic organism,Mixotrophic organisms,Heterotrophic organisms,A
What organisms cannot cause disease?,Pathogenic organism,heterotrophic organisms,Non pathogenic _,mixotrophic organisms,C
What groups of diseases are infectious diseases divided into?,Temporary permanent,Invasive and infectious,Mono and polyphagous,"Active, inactive (passive)",B
What are diseases caused by parasites called?,Temporary,Constant,Active,invasive,D
"What diseases are caused by bacteria, rickettsia, spirochetes, viruses, fungi?",Infection,Constant,Inactive,Temporary,A
What is infection of the body by animal parasites?,Infection,Infestation,Autoreinvasion,Auto invasion,B
Identify the methods of invasion?,Temporary permanent,"Ectoparasite, endoparasite",Active and passive,Mono and polyphagous,C
Indicate the organisms that actively penetrate the body of the host parasite.,"Human lice, human roundworms","crooked head, schistosomiasis","Mosquitoes, cat sucker liverworts",Tsetsi mosquito (Glossina palpalis),B
The parasite passively enters the body through:,Through the soil,Through the wind,By plane,"Through water, food",D
"If the egg or larva of a parasite continues to develop inside the host without leaving its host, then what is the parasite infection called in this way.",And they have toinvasion,Graft,Autoreinvasion,Reinvasion,A
Give an example of car invasion,Tapeworm eggs develop outward.,Dwarf tapeworm develops in the patient's intestines without leaving the outside.,Echinococcus eggs develop outward,Human roundworm eggs develop from eggs,B
This is called when a parasite leaves its host and reinfects itself.,Auto invasion,And they have thoreinfestation,Graft,Reinvasion,B
What is called reinfection of the disease.,Autoreinvasion,Graft,Auto invasion,Reinfestation,D
Indicate the methods of transmission of pathogens?,"Inoculation, contamination",Mono and polyphagous,Invasion and infestation,"Active, inactive",A
Death of parasites when sucking blood through a “contaminated” mouthparts or saliva,Transmissible,Pollution,Inoculation,Reinvasion,C
Identify organisms transmitted by inoculation.,"Bent head worm, schistosomiasis","Human lice, human roundworms","Mosquitoes, cat sucker liverworts","Malaria, trypanosoma",D
"What is the name for transmission of the parasite through the feces of carriers, as well as the hemolymph?",Transmissible,contamination,Graft,Reinvasion,B
"According to the definition of Academician E.N. Pavlovsky, diseases that are transmitted by blood-sucking arthropods are called diseases.",transmission,Pollution,Reinvasion,Graft,A
What groups can vector-borne diseases be divided into?,About ligate and facultative,"Active, inactive",Temporary permanent,Mono and polyphagous,A
Which group of vector-borne diseases differ depending on the specific relationship between pathogen and host?,"Zoonosis, anthropozoonosis, anthroponosis","Plague, leishmaniasis","Trichomonodosis, amyobiosis","Giardiasis, enteribiasis, hymenolipidosis",A
Zoonoses are,Monitoring the disease in humans only,Plant diseases only,Animal diseases only,Diseases common in humans and animals.,C
Anthroponoses are,Diseases common in humans and animals.,Animal diseases only,Plant diseases only,diseases only in humans,D
Identify zoonoses?,Bird fever,"Trichomonodosis, amyobiosis","Plague, leishmaniasis","Giardiasis, enteribiasis",A
Identify anthropozoonotic diseases?,"Trichomonodosis, amyobiosis","Giardiasis, hymenolipidosis","Avian fever, trichomoniasis, amoebiasis","Plague, leishmaniasis",D
What term means a group of parasites belonging to different species living in the same organ or organism at the same time.,Biocenosis,Biogeocenosis,Parasitocenosis,Zoocenosis,C
Who coined the term parasitocenosis?,V.N. Beklemishev,E.N. Pavlovsky,V.A. Dogel,K.I. Scriabin,B
What are the features of parasitocenosis?,Diabliosis is 2-3 times less common in people with diphyllobothriasis and hymenolipidosis.,"If there are roundworms or crooked worms in the intestines, infection with giardiasis increases 2-4 times.",Bacteria increase fungal transmission,"Bacterial dysentery, tuberculosis, Botkin's disease and diarrhea are severe forms in children with helminthiasis.",D
Resistance of parasites to the response of the host immune system.,Tissue fluid parasites are protected because there are 5 times fewer antibodies in tissue fluid than in serum.,Both plasma antibodies and cellular immune mechanisms influence intestinal parasites.,Tissue fluid parasites are protected because antibodies in tissue fluid are 5 times higher than in serum.,"Although parasites have a cuticle, it does not protect them from immune factors.",A
Which protozoan changes the structure of its outer shell antigen as a result of the emergence of new populations as a result of natural selection?,Qin Trichomonas,Malarial parasites,Mosquito tse-tsesi,Trypanosoma,B
"As a result of differentiated gene activity, the antigenic structure of which parasites gradually changes?",Trypanosoma,Malarial parasites,Qin Trichomonas,Mosquito tse-tsesi,A
The resistance of parasites to the reaction of the host’s immune system is due to:,"mimicry, change in the outer shell, structure of the antigen","They do not synthesize antigens similar to host proteins, so the body cannot recognize them as a foreign substance.",Simple animal parasites do not change the structure of their outer shell antigen.,"Most intracellular parasites are not affected by host antibodies, intermediate antibodies, or reservoir antibodies.",A
Determine what processes occur during parasitism at the organism level. 1- Harm to the body 2- Does not harm the body 3- Can cause death of the host organism 4- Reduces the body’s vital functions 5- Increases the body’s vital functions,"1,3,4","2,3,4","1,3,4","2,3,5",A
What do you mean by environment?,The limit of resistance of organisms,Limiting Factors,A set of elements that affect the body,The limit of optimism of organisms,C
What property of organisms is assimilated in different environments?,The limit of optimism,Limiting factor,Tensile strength,Environmental valency,D
Which organisms have a narrow ecological valency?,Eurytope,Climate,Stenotop s,Edaphotope,C
Which organisms have broad ecological significance?,E vrito p,Climate,Edaphotope,Stenotop,A
What is the name of any component of the environment that affects living organisms?,Biotic factor,Anthropogenic factor,Abiotic factor,Environmental factor,D
"What factors are the sum of inorganic natural conditions, including soil, climate, topographic and other physical factors?",Ecological,Anthropogenic,Biotic,Abiotic,D
What factors influence the interaction of living organisms with each other and with the environment?,Anthropogenic,Ecological,Biotic,Abiotic,C
What factors are involved in human activity?,Abiotic,Ecological,Biotic,Anthropogenic,D
"According to the relationships of organisms, which of them has forms such as mutualism, synocytism and commensalism?",Symbiosis,Neutralism,Parasitism,Antibiosis,A
"Depending on the relationship between organisms, in which case do both or one of the two organisms benefit from living together?",Parasitism,Mutualism,Symbiosis,Antibiosis,C
"Depending on the interaction of the organisms, which one - one or both of the two organisms living together - will be affected?",Antibiosis,Symbiosis,Mutualism,Parasitism,A
"According to the interactions of organisms, which of them have forms such as mutual competition, parasitism and predation?",Mutualism,Neutralism,Antibiosis,Symbiosis,C
"According to the interaction of organisms, in which of them living organisms do not influence each other?",Neutralism,Mutualism,Antibiosis,Symbiosis,A
"What factors include all living organisms - microorganisms, plants and people - that interact and interact with each other?",Biotic,Anthropogenic,Abiotic,Ecological,A
Specify methods for studying ecology.,"Field, mathematical modeling, experimental","Field, environmental experiments, mathematical modeling","Ecological experiments, mathematical modeling","Field, environmental experiments, experimental",B
"What method is used to study a population, the influence of the sum of environmental factors, the general state of development and survival of a species under certain conditions?",Experimental methods,Mathematical modeling method,Method of ecological experiments,Field method,D
What method is used to study the influence of certain factors on the development of an organism?,Mathematical modeling method,Experimental methods,Dahl method,Methodology of environmental experiments,D
Which method allows you to predict the survival and future of an ecosystem. Is a computer used when implementing this method?,Mathematical modeling method,Experimental methods,Dahl method,Method of ecological experiments,A
Identify the main functions of ecosystems.,Carbon cycle,Periodic metabolism and energy flow,Biotic cycle,Nitrogen cycle,B
What is the amount of biomass energy?,"Consumers of the 1st , 2nd , 3rd order","Manufacturers, consumers and gearboxes","Manufacturers, gearboxes","Consumers, gearboxes",B
"By what rule is there an increase in energy consumption at each food level of the food chain, a decrease in the number of individuals and productivity by approximately 10 times?",Biogeocenosis,Biocenosis,Biosphere,Ecological pyramid,D
Indicate the composition of ecosystems. 1-abiotic factors 2-Autotrophs (producers) 3-Heterotrophs (consumers) 4-destructor (reducers),"1,3,4","2,3,4","1,2,4","1,2,3,4",D
"What science studies the patterns of emergence, survival and development of anthropoecological systems?",Anthropology,Geography,Ecology,Human ecology,D
What problems does human ecology solve? 1- natural-scientific problems 2- social problems 3- philosophical problems 4- geographical problems 5- technological-artificial problems,"1,3,4,5","1,2,4,5","2,3,4,5","1,2,3,4",D
What is the main reserve and reason for the emergence of adaptive types?,variability,Heredity,Population,Mutation,A
"What is relevant to this answer: it does not depend on races, they are populations whose gene pool is adapted to certain living conditions.",Tropical adaptive type,Toggle responsive type,Adaptive types,Arctic adaptive type,C
At what time do adaptive type indicators begin to appear?,Embryogenesis period,Epigenesis,Proembryogenesis,Postembryogenesis,A
What adaptive type is formed in people in cold climates and the abundance of animal products in the food they consume?,Tropical adaptive type,Arctic adaptive type,Desert is an adaptive type of desert,Toggle responsive type,B
Determine the characteristic features of the Arctic adaptive type: 1 - Bone - well-developed muscular system 2 - Large chest 3 - High hemoglobin in the blood 4 - High mineral content in the bones 5. Low blood cholesterol. 6-lipids are highly oxidized 7 Thermoregulation is underdeveloped,"1,2,3,4,7","1,2,3,4,5","1,2,3,4,5,7","1,2,3,4,6",D
"What adaptive type is formed in a hot and humid climate, when the variety of environmental conditions in the diet of animal products is relatively small?",Medium adaptive type,Tropical adaptive type,Desert is an adaptive type of desert,Arctic adaptive type,B
"Indicate the characteristic features of the tropical adaptive type. 1 Variety of somatic indicators (short, tall) 2 Lack of muscle mass 3 Lack of body weight, leg - arm length 4 Low blood cholesterol 5-Slowing basal and fat metabolism 6-Excessive sweating","2,3,4,5,6","2,3,4,6","1,2,4,6","1,2,3,4,5,6",D
"What adaptive type - climatic conditions are formed in regions with a temperate climate. In such areas, seasonal biorhythms are best manifested.",Tropical adaptive type,Toggle responsive type,Medium adaptive type,Arctic adaptive type,C
"In populations belonging to the adaptive type, somatic and metabolic indicators have average values of the characteristics of other adaptive types.",Medium adaptive type,Desert is an adaptive type of desert,Toggle responsive type,Tropical adaptive type,A
"Which geological layer contains 78.08% nitrogen, 20.95% oxygen, 0.93% argon, 0.03% carbon dioxide and very small amounts of helium, neon, methane.",Lithosphere,Troposphere,Atmosphere,Hydrosphere,B
"Which geological layer is a solid layer of earth, 2-5 km deep, below which sedimentary rocks lie.",Atmosphere,Lithosphere,Troposphere,Hydrosphere,B
What organisms were discovered at a depth of 7.5 km during oil drilling in the Mississippi River basin?,Soil bacteria,Aerobic bacteria,Nodule bacteria,Anaerobic bacteria,D
"Which geological layer is the Earth's aquifer and includes permafrost, oceans, seas, lakes and rivers.",Troposphere,Atmosphere,Hydrosphere,Lithosphere,C
Which geological layer makes up 71% of our planet?,Atmosphere,Troposphere,Lithosphere,Hydrosphere,D
"Which scientist proved that the formation of soil on Earth depends not only on climate, but also on living organisms?",Dokuchaev V.V.,E. Zyus,Le Roy,IN AND. Vernadsky,A
"According to which scientist: the biosphere is the distribution of life with organisms, including the environment in which they live",E. Zyus,V.V. Dokuchaev,IN AND. Vernadsky,Le Roy,C
Which scientist was the first to introduce the concept of “living matter” into science?,IN AND. Vernadsky,Le Roy,V.V. Dokuchaev,E. Zyus,A
What is the total mass of living matter in the biosphere called?,Biomass,Zoobiomass,Edaphotope,Phytobiomass,A
Plant biomass on land - what is it called?,Zoobiomass,Edaphotope,Climate,Phytobiomass,D
What is the total biomass of land plant biomass?,99%,78%,93%,92%,A
What percentage of wild animals live on land and what percentage live in water?,"7%, 93%","93%, 7%","8%, 92%","92%, 8%",B
What percentage of plants are adapted to life on land and what percentage are adapted to life in water?,"92%, 8%","7%, 93%","93%, 7%","8%, 92%",A
"What function of living matter in the biosphere is the result of the processes of photosynthesis and respiration, as a result of which the composition of gases in the atmosphere is regulated. The atmosphere created as a result of the activities of living organisms is preserved due to their activities.",Biochemical functions,Concentration function,Redox function,Gas exchange function,D
"What is the function of living matter in the biosphere - living organisms accumulate chemical elements in the environment. Plants absorb elements such as potassium, phosphorus, nitrogen, hydrogen and carbon from the soil and air and incorporate them into organic matter.",Concentration function,Redox function,Gas exchange function,Biochemical functions,A
"What function of the living matter of the biosphere - chemical elements with variable valence - ensures the circulation of iron, sulfur, manganese, nitrogen and others.",Biochemical functions,Concentration function,Oxidation recovery function,Gas exchange function,C
"What function of living matter in the biosphere is that living organisms carry out the processes of nutrition, respiration, reproduction, decomposition after death and decomposition during life.",Concentration function,Gas exchange function,Redox function,Biochemical functions,D
Define the concepts of the biosphere: 1-concept of biogeocenotype 2-biogeochemical concept of the biosphere 3-cybernetic concept of the biosphere 4-socio-economic concept of the biosphere,"2,3,4","1,2,3","1,2,3,4","1,3,4",C
"What concept of biosphere is associated with biogeocenosis, consisting of living organisms with different types of metabolism.",Cybernetic concept of the biosphere,Socio-economic concept of the biosphere,Concept of biogeocenotype,Biogeochemical concept of the biosphere,C
What idea of the biosphere is associated with complex changes occurring in living organisms due to chemical energy accumulated during the process of photosynthesis.,Biogeochemical concept of the biosphere.,Socio-economic concept of the biosphere,Biogeocenotype concept,Cybernetic concept of the biosphere,A
"What concept of the biosphere studies the principles of organization and control of processes associated with the transformation of matter, energy and information in living nature.",Cybernetic concept of the biosphere.,Biogeochemical concept of the biosphere,Biogeocenotype concept,Socio-economic concept of the biosphere,A
What is the sum of living organisms that live in a certain geographic area called?,Biosphere,Biotope,Biocenosis,Biogeocenosis,C
A system that includes a community of living organisms and a closely related set of abiotic environmental factors within one territory,Biosphere,Biocenosis,Biotope,Biogeocenosis,D
Each biogeocenosis consists of living and nonliving components: 1 - plants; 2 - animals; 3 - microorganisms; 4 - soil and groundwater; 5 - atmosphere,"1,2,3","1,2,3,4","1,2,3,4,5","1,2,3,5",C
What is the main task of the science of noogenics?,only protection,"development of measures to create new types of microorganisms, plants and animals",increase the diversity of life forms on Earth,- this is the correction of violations in the relationship between man and nature that have arisen as a result of technological progress.,D
What science is developing measures to prevent the occurrence of environmental crises in the context of constant scientific and technological progress?,Genetics,Ecology,Anthropoecology,Noogenics,D
"What measures need to be taken to protect the biosphere? 1- Establishment of the use of solar energy, wind energy, kinetic energy of the oceans, hot water groundwater 2- Full use of extracted natural resources 3- Recycling of industrial waste 4- Introduction of waste-free technology 5- Determination of radioactive substances","1,2,4,5","2,3,4,5","1,2,3,5","1,2,3,4",D
How many species are included in the phylum Protozoa?,About 4000 species,"About 30,000 species",About 3000 species,"About 40,000 species",B
What is the Latin name for hollow (hollow)?,Chordata,Coelenterata,Platelmints,Echinoderms,B
What is the Latin name for flatworms?,Plat g elminty,Coelenterata,Chordata,Echinoderms,A
What is the Latin name for roundworm?,Nemathelminlhes,Annelids,Arthropods,Coelenterata,A
What is the Latin name for the ringworm?,Arthropods,Annelids,Nematgelminly,Echinoderms,B
What is the Latin name for arthropods?,Coelenterata,Arthropoda,Echinoderms,Chordata,B
"Clams, mark the Latin name for shellfish?",Chordata,Mollusca,Nematgelminly,Platelmints,B
What is the Latin name for echinoderms?,Echinodermata,Platelmints,Annelids,Nematgelminly,A
Specify the Latin name of chordates,Coelenterata,Annelids,Nematgelminly,Chordata,D
Indicate the Latin name of the protozoa,Nematgelminly,Annelids,protozoa,Coelenterata,C
What are the organelles of movement in a simple animal type?,"Eyelashes, walking legs","Flagella, walking legs","Overhead legs, fasteners","Psepododes, cilia, villi",D
What substances make up the shell of most species of simple animals?,Carbohydrates and fats,Proteins and carbohydrates,Proteins and fats (lipoproteins),Just protein,C
"In most species of simple animals, the body membrane consists of proteins and fats (lipoproteins), what is this called?",Cellulose,Pellicle,Cuticle,Pectin,B
What functions does the thick cuticle perform?,Energy production,Metabolism,Protection and basic function,Oxygen transport,C
How many nuclei are there in a ciliate?,2 nuclei: large vegetative nucleus - macronucleus and small generative nucleus - micronucleus,"2 nuclei: vegetative nucleus, digestive nucleus",2 cores: large and extra large core,2 nuclei: contractile nucleus and aggregating nucleus,A
What groups are simple animals divided into depending on the type of assimilation and method of feeding?,"Phototrophic, chemotrophic organisms",heterotrophic and mixotrophic organisms,"Saprophytes, parasitic organisms","Autotrophic, mixotrophic organisms",B
Heterotrophic organisms are divided into two groups:,"Saprophyte, parasite","Autotroph, mixotroph","Phototrophic, chemotrophic","Saprophyte, heterotroph",A
What are those who live off a living organism called?,Phototroph lar,Chemotrophs,Saprophytes,Parasites,D
What are those that feed on dead organic matter called?,Phototroph lar,Saprophytes,Chemotrophs,Parasites,B
What organisms are animals with both autotrophic and heterotrophic types of assimilation?,Phototroph,Chemotroph,Autotroph,Mixotroph s,D
"What organisms absorb schizogony carbon dioxide, water, mineral salts from the external environment and feed like green plants.",Mixotroph,Autotroph,Chemotroph,Phototroph,B
"What type of reproduction is a separate type of asexual reproduction, that is, multiple reproduction.",Meiosis,Divide into 2 simple ones,Schizogony,the rescue,C
What class of protozoa is capable of reproducing through schizogony?,Class of birds,Class Sporozoa,Type of chordates,Insect class,B
Show class representatives dispute?,"Malarial plasmodium, tryponosoma","Malarial plasmodium, toxoplasma","Tryponosoma, leishmaniasis","Giardia, toxoplasmosis",B
How many species of flagellates?,More than 2000 species,More than 3000 species,More than 200 species,More than 300 types,D
Find the Latin name for flagella.,Sporozoa,Ciliates (Ciliates),Sarcodina,Flagellata,D
Find the Latin name for sarcoids.,Sarcodina,Flagellates,Sporozoa,Ciliates (Ciliates),A
Find the Latin name for Sporozoans,Flagellates,Ciliates (Ciliates),Sporozoa,Sarcodina,C
Find the Latin name of the ciliate.,Flagellates,Sarcodina,Sporozoa,Infuzoria,D
What types of trypanosomes are well studied? 1) The causative agent of African sleeping sickness is Trypanosoma gambiense 2) The causative agent of Chagas disease is Trypanosoma cruzi. 3) Leishmania tropica 4) Leishmania donovani,1.2,"1,2,4","1,2,3","1,2,3,4",A
Identify the causative agent of African sleeping sickness?,Trypanosoma cruzi,Leishmania tropica,Leishmania donovani,Trypanosoma gambiense,D
Determine the cause of Chagas disease?,Trypanosoma gambiense,Leishmania tropica,Leishmania donovani,Trypanosoma cruzi,D
Which type of trypanosome is the parasite that causes the very serious sleeping sickness common in Africa?,Leishmania tropica,Trypanosoma gambiense,Leishmania donovani,Trypanosoma cruzi,B
"What type of disease causes severe damage to the central nervous system? There are times when the patient falls asleep or vice versa. If the disease is not treated promptly, it can be fatal.",Trypanosoma cruzi,Leishmania donovani,Trypanosoma gambiense,Leishmania tropica,C
"In what disease do parasites enter the patient’s blood, lymph nodes, and then into the cerebrospinal fluid?",Leishmania donovani,Trypanosoma gambiense,Leishmania tropica,Trypanosoma cruzi,B
How does trypanosome move?,As a result of vibration of the curtain with the hive and lengthening and contraction of the body,As a result of vibration of the curtain and bending of the body with false legs,As a result of vibration of the undulating membrane,As a result of the vibration of the curtain by the eyelashes and the bending of the body,C
"Which flagellates reproduce by dividing in height; reproduction begins with the blepharoplast and ends with the division of the nucleus and, finally, the protoplasm.",Trypanosoma,Intestinal Giardia,Trichomonas,Leishmania,A
"The natural source of African sleeping sickness is gazelles, and what organism is its transmitter?","Mosquitoes, cat sucker liverworts",Fly Tse - tse (Glossina palpalis),"Human lice, human roundworms","Bent head worm, schistosomiasis",B
In which countries is the causative agent of the dangerous Chagas disease Trypanosoma cruzi widespread?,Beyond Central Asia and the Caucasus,South Africa and Central Asia,In Latin American countries,Central Asia and America,C
Identify the spreader of Chagas disease?,Leishmania donovani,Trypanosoma cruzi,Leishmania tropica,Triatom contamination,D
In which member of the chains do trypanosomes live and develop there for 5-15 days?,In the back of the intestine,In the liver,In heart,In the stomach,A
"What organisms attack a person mainly during sleep at night, feeding, sucking blood from the mucous membranes of the lips, eyes and nose.",Triatoma infestans,Leishmania donovani,Trypanosoma cruzi,Leishmania tropica,A
"Triatoma infestans mainly attacks humans when they are sleeping at night, from which parts of humans do they mainly suck blood?","Mucous layer of lips, eyes, nose","Eye, brain, kidneys","Laboratory, intestines, stomach","Mucous membrane of the nose, stomach, intestines",A
"Signs of which disease are the following symptoms: fever, enlarged liver and spleen, impaired intestinal function, which may be accompanied by meningoencephalitis and myocarditis.",Penda rana,Ashgabat wound,Chagas disease,Sleeping sickness,C
At what age can Chagas disease become so severe in children that it can even be fatal?,Up to 5 years,Up to 12 years,Under 18 years old,Up to 8 years,A
"Determine the modes of transmission of Chagas disease? 1- from mother to child through breast milk, 2- blood transfusion, 3- congenital, 4- acquired","2,3,4","1,3,4","1,2,4","1,2,3",D
"According to some data, how many patients die from Chagas disease.",44% each,24% each,34% each,14% each,D
What animals spread Chagas disease?,"Various rodents, predators, monkeys","Predators, beetles, bugs","Various rodents, beetles, caterpillars","Monkeys, beetles, reptiles",A
In populated areas where animals are carriers of Chagas disease.,Cats and sheep,Pigs and goats,Dogs and cats,Dogs and camels,C
What type of leishmaniasis parasitizes humans?,Lamblia intenstinalis and Leishmania donovani,Leishmania tropica and Leishmania donovani,Trypanosoma cruzi and Leishmania donovani,Trypanosoma gambiense and Leishmania donovani,B
In which countries is cutaneous leishmaniasis common?,Central Asia and South Korea,South America and Africa,In Central Asia and the Caucasus,Antarctica and Northern Australia,C
Leismania tropica - Who discovered the causative agent of cutaneous leishmaniasis?,V.A. Dogel In 1898,P.F. Borovsky in 1898,V.N. Beklemishev In 1898,K.I. Scriabin in 1898,B
"What is the urban or chronic form of cutaneous leishmaniasis, which lasts a year or more?",Chagas disease,Sleeping sickness,Penda rana,Ashgabat ulcer,D
What acute form of cutaneous leishmaniasis lasts 3-6 months?,Penda's ulcer,Sleeping sickness,Chagas disease,Ashgabat wound,A
Who first described Lamblia?,In 1859 V.A. Dogel,In 1869 K.I. Scriabin,In 1859 D. F. Lambl,In 1869 E. N. Pavlovsky,C
In which human organs can intestinal Giardia parasites live?,"In the stomach, in the back of the intestine","In the heart, in the gallbladder","In the duodenum, gall bladder","In the liver, in the gall bladder",C
What is the top layer of mammalian skin called?,Tillacoid,Turbellaria,Tegument,Tremotodes,C
How does the reproductive system of mammals work?,Hermaphrodite,generative,Asexual reproduction,vegetative,A
What causes miracidium to develop?,Larva,Sporosistadan,From eggs,From a zygote,C
What is heredity?,Eyelash larvae,Sercaria,Tailed larva,Tailless larva,A
"Opisthorshis felineus grows in its developmental cycle into the miracidal bithinium tissue, and what does it produce?",Sercaria,Adult organism,Redia,Sporo tsista,D
What is formed from embryonic sporocyst cells in the development cycle of Opisthorchis felineus?,Adult organism,Sporista,Redia,Miracidium,C
What is the post-radiation period of development of the liverworm larva?,Adult organism,Miracidium,Sporista,Tserkariya _,D
What is the name of the process of a liverworm larva emerging from the tail and wrapping it in a membrane?,Blastocoel,Adolescaria,Miracidium,Sercaria,B
Who is the scientist who promoted the science of eugenics?,Filipchenko,Chargaff,Koltsov,Galton,D
What method was Galton first to establish?,Twins,Biochemical,Genetic,Cytogenetic,A
Which scientist divided chromosomes into 7 groups based on the size and location of the centromere?,Edwards,Patau,Cermak,Frieze,B
"According to the Patau classification, which group includes acrocentric and satellite chromosomes of medium size?",Group G (21-22),Group E (13-15),Group D (13-15),Group A (1-3),C
Which of the fourth autosomes in a human karyotype will have a satellite part on the small arm?,"In autosomes 13,14,15,16,17","In autosomes 13,14,15,21,22","In 16,17,18,22,23-autosomes","In autosomes 13,15,16,20,21",B
"Patau divides human chromosomes into 7 groups, and which group of chromosomes is the smallest metacentric?",19-20 (group F),16-18 (group K),17-18 (Group E),19-20 (Group G),A
Who introduced the term biology into science?,Virchow,T. Morgan,"Lamarck, Treviranus",K. Lynn to her,C
Who is the founder of the twin method?,Ge de Frieze,Chermak K,Virchow A,Galton F,D
Is this karyokinesis?,Nuclear fission,Ribosome division,Cytoplasmic division,Mitochondrial division,A
How many types of gastrulation are there and what are they?,"3: biological, morphological, physiological","4: immigration epiboly, deletion, dissection","3: apostasy, reproduction, division","4: intussusception, epiboly, immigration, delamination",D
What class does schistosome belong to?,flagellum _,flukes,Spores _,Lent Etsy,B
How does a pork tapeworm develop without laying eggs?,Autoinvasion,Taeniasis,reinfestation,Paragonimiasis,A
What disease is caused by tapeworm?,Teniarin oz _,Diphyllobothriasis,ts erkariya,Auto invasion,B
Lice genus name,Aphanipterans,Ogonata,Diptera,Anoplura,D
What type of reproduction is toxoplasmosis?,Genital,spore,Asexual endogony,Asexual schizogony,C
What is a proband?,Healthy man at doctor's appointment,Patient visiting a doctor,The person for whom the pedigree is compiled,Relative,C
Deletion is -,Increase or decrease in the number of chromosomes,Chromosome-mediated gene reproduction,Loss of part of a chromosome due to a break in 1 or 2 chromosomes,Changes in genes in chromosomes,C
What is not observed during interkinesis?,DNA is not formed,The nucleus and nucleoli are formed,DNA and P NK 2 contribute,DNA does not double,D
What is the last period of prophase 1?,Pa x itena,Leptotene,Diakinesis,Zygote,C
What is the name of the deletion resulting from two interruptions?,Isochromatid deletion,Interstitial deletion,inversion,translocation,B
What is the body of bream covered with ?,Cuticle,Soft skin,pelicula,scales,A
What does the mouthparts of insects that feed on parasites look like?,Sucker,piercing-sucking,Rodent,sucking,B
What are the names of the oral appendages of arachnids and some other arthropods?,Hypostome,Xelicera,licking,palpation,B
Where is the method of asexual reproduction indicated?,"Endogony, plasmogony , oogony","Reproduction by endogony, sporogony, zygote","Endogony, plasmogony, sporogony","Endogony, sporogony",D
What organisms undergo artificial partonogenesis.,Mammals and birds,"Molluscs, nematodes, echinoderms","Slugs, reptiles, birds","Worms, scorpions, fish",B
"During this reproduction, the egg nucleus is lost while the sperm nucleus is retained.",Androgenesis,Sporogony,Oogonia,Gynogenesis,A
What is the method of cell proliferation during repeated nuclear division?,mitosis,Sporogony _ _,Schizogony,Endogony,C
How do malarial plasmodia and toxoplasma reproduce?,Conjugation,Sporogony,Mitosis,Copulation,B
What substance stops cell division in metaphase?,Myolin,Water,Colchicine,Heparin,C
What is at the end of a chromosome?,Satellite chromosome,centromere,Telomere,Core,C
In what year was the international taxonomy of chromosomes developed?,1987,1970,1997,1960,D
What is formed from the nucleoprotein complex formed by chromatin-containing DNA nucleohistones and parts together?,Hetero and euchromatin,Chromatid and chromosome,Chromatid and chromonema,Mono and polychromatin,A
How long does the prophase phase last?,10-100 min.,9-30 min.,4-25 min,6-40 min,A
"Indicate the properties of the prophase period 1. Chromosomes of bichromatids twist in a spiral, do not shorten or thicken, 2. The nuclear envelope and nucleus dissolve, 3. Mitotic threads begin to form.","1,2,3",1.3,2.3,1.2,C
How long does the metaphase phase last?,4-25 min,9-30 min.,6-40 min.,10-100 min.,C
Determine the characteristics of the metaphase period. 1. Chromosomes of bichromatids move along the equator of the cell 2. mitotic threads are attached to the centromeres of chromosome 3. 2n2c,2.3,"1,2,3",1.2,1.3,C
How long does the anaphase phase last?,4-25 min.,9-30 min.,6-40 min,10-100 min.,A
"Determine the characteristics of the anaphase period. 1. Centromeres divide, 2. Chromatids (daughter chromosomes) divide by dividing mitotic chains at the poles of the cell, 3. 2 n 4 c , 4. Each pole has as many chromosomes as the mother cell has.","1,2,4",1.3,"1,3,4","1,2,3",A
How long does telophase last?,9-30 min.,10-100 min.,6-40 min,4-25 min,A
"What is the biological significance of mitosis? 1- During mitosis, two daughter cells (2n2c) are formed from a mother cell (2n4c), 2- Each daughter cell has a chromosome similar to the mother cell , 3- Mitosis ensures an even distribution of genetic material",1.2,1.3,2.3,"1,2,3",D
Determine the method of reproduction characteristic of bacteria and ciliates?,Ovogonia,conjugation,Copulation,Schizogony,B
How many types of gametogamy are there in copulation?,"3 types: isogamy, polygamy and ugamy",Type 2: isogamy and heterogamy,"3 types: isogamy, heterogamy and oogamy",Type 2: isogamy and polygamy,C
Who was the first to use artificial parthenogenesis in rearing silkworms?,Nicholson (1972),A.D. Tikhomirov (1885).,A. Astaurov (1937),Flemming (1842),B
Who invented the method of reproduction by androgenesis?,Boveri (in 1842),Singer (1972),A. Astaurov (1937),HELL. Tikhomirov (1885).,C
What are the periods of prophase 1?,"Liptotene, zygotene, paxiten, interkinesis","Liptotene, zygotene, diplotene, diakinesis","Leptotene, zygotene, pachytene, diplotene, diakinesis","Liptotene, zygotene, pachytene, diplotene, interkinesis, diakinesis",C
"At what stage of prophase I do the chromosome strands, which are actually made up of two chromatids, form thin strands. As the chromosome thickens and curls, threads begin to appear in the chromatin and the chromomeres become more pronounced.",Zygote,Diplotena,Pachytena,Leptotene a,D
What is the basis of biological evolution?,natural selection,Fight for survival,Individual development,Artificial selection,A
"Which scientist, in what year, introduced the term “evolution” into science?","Darwin, 1859","C. Bonnet, 1762","Hardy, 1908.","A. Sturtevant, 1902",B
Which evolution is irreversible?,Galactic,Atom ary,Biological,Geological,C
Which of the following works was written by Aristotle?,"“Origin of Animals”, “Parts of the Body of Animals”, “History of Animals”.","“The Origin of Animals”, “Philosophy of Zoology”.","“Parts of the body of animals”, “Philosophy of Zoology”.","""History of Animals"", ""Origin of Species"".",A
Who created the doctrine of modern microevolution?,"R. Virchow, Bonn","Dobryansky, Timofeev-Resovsky",Boveri and Flemming,"Darwin, Morgan",B
Who first introduced the term “population” into genetics?,R. Brown in 1831,J. Purkinye in 1839,W. Johansen in 1903,Boveri in 1842,C
Variation in the number of individuals in a population is an important evolution. Who was the first to notice the importance of this process and what did he call this process?,"Virchow's book ""Cellular Pathology"".","Lamarck ""Philosophy of Zoology""","Aristotle ""History of Animals""","Chetverikov S.S. ""Waves of Life""",D
What do you mean by geographic isolation?,Various obstacles appear in the area due to the fact that the species is divided into several groups,Various obstacles appear in the area. Due to the fact that species can be grouped into several groups.,The same obstacles appear within the area due to the fact that the species is divided into many groups,The same obstacles appear within the area due to the fact that the species live in groups in several groups,A
What species are called species that arose as a result of an increase or decrease in the number of chromosomes.,Anupolyploidy,Autopolyploid,Allopolyploid,Aneuploidy,D
Which years included Darwin's Beagle expeditions?,1830-1835,1800-1805,1836-1941,1831-1836,D
A form of natural selection that determines the preservation of adaptive traits of organisms under constant environmental conditions,Sexual selection,Disruptive selection,Stabilizing selection _ _ _,Stabilizer selection,C
A form of natural selection that favors only one direction of change in a trait and does not favor all others.,Sexual selection,Stabilizer selection,Driving selection,Disruptive selection,C
Who studied the phenomenon of genetic drift (genetic automatic processes)?,Boveri and Flemming 1937-1938,N.P. Dubinin and D.D. Romashev in 1931-32.,"F. G. Dobryansky, N. V. Timofeev-Resovsky 1937-1938","S. Wright, R. Fisher, N. P. Dubinin, D. D. Romashev in 1931-32.",D
"In what countries did Darwin spend five years on the Beagle ship and become acquainted with the flora and fauna of ancient and modern times, being a naturalist?","On the southwest coast of South America, Korea.","In the Atlantic, Pacific and Indian oceans, on many islands, Great Britain.","In the Atlantic, Pacific and Indian oceans, on many islands, in Australia, South Africa.","Australia, South Africa, London",C
What did Darwin discover during his voyage on the Beagle?,He acknowledged that there are many similarities and differences between plants that died in the past and those that are alive today.,He recognized that there are many similarities and differences between existing animals and those that are still alive.,He recognized that there were only many similarities between animals that had died in the past and those that were now alive.,He acknowledged that there are many similarities and differences between animals that died in the past and those that are now alive.,D
"By comparing the animals of North and South America, Darwin determined which South American animals were not found in North America?","Llama, tapir, pendant, anteater, ungulates","Llama, tapir, sloth, fish, armored animals","Llama, tapir, sloth, anteater, armored animals","Llama, tapir, lazy, anteater, artiodactyls",C
What is microevolution?,Diversity refers to the diversity of higher systematic units.,Leads to stratification within a population and to stratification within a species,It is a mutational process that creates the material for genetic diversity and natural selection.,"This is a long-term, irreversible change in the gene pool of a population, which goes in a certain direction.",B
What is macroevolution?,Leads to diversity of systematic units over species.,It occurs within populations and leads to the stratification of the species and its intraspecific diversity.,It is a mutational process that creates the material for genetic diversity and natural selection.,"This is a long-term, irreversible change in the gene pool of a population, which goes in a certain direction.",A
What is an elementary evolutionary phenomenon?,It occurs within populations and leads to the stratification of the species and its intraspecific diversity.,Diversity refers to the diversity of higher systematic units.,"This is a long-term, irreversible change in the gene pool of a population.",It is a mutational process that creates the material for genetic diversity and natural selection.,C
What is the elementary material of evolution?,"This is a long-term, irreversible change in the gene pool of a population, which goes in a certain direction.",The diversity of systematic units above species is indicated.,Mutations because they create material for genetic diversity and natural selection,It occurs within populations and leads to the emergence of a species and its intraspecific diversity.,C
In what year was Lamarck's Philosophy of Zoology published?,1801,1814,1809 g,1812,C
What is the result of natural selection?,Strain,organism,cell,view,D
"What is formed as a result of artificial selection? 1) breed, 2) variety, 3) species, 4) subspecies, 5) population, 6) strain",1.2.3,1.4.6,1.2.5,1.2.6,D
Which scientist expressed the first ideas in the field of embryology?,Lamarck,Aristotle,Theophrastus,Empedocles,B
"A collection of individuals that have existed for a long time within the range of one species and are relatively isolated from others, producing freely interbreeding offspring?",pride,subspecies,Population,view,C
"In ontogenesis, a brief repetition of phylogeny is called....",Biogenetically m law,Cell theory,Law of homologous series,Law of similarity of embryos,A
"What is the name of a group of individuals that are similar in morphological-anatomical, physiological-ecological, biochemical and genetic characteristics, occupying a natural habitat ?",view,Ecological community,Population,Subspecies,A
What is the main factor in the production of new varieties and varieties?,Artificial selection and natural selection,Heredity and variability,"Genetic variability , artificial selection","Genetic variability, natural selection",C
"Which scientist combined species into genera, genus into family, family into orders, order into classes, class into subtypes, subtypes into types?",Lynn to her,Lamarck,Darwin,Theophrastus,A
"Who wrote ""Animal Parts""?",Fales,Hippocrates,Aristotle,Theophrastus,C
What doctrine of change and development takes place in the life of nature and society?,Biology,Device,Biosphere,Evolution,D
At what level of life does biogenic migration of substances occur?,Molecule,Ontogenetic,Biogeosinosis,Biosphere,D
What led to the theory of evolution of the biosphere by scientists.,"Vernadsky, Dubinin, Vavilov","Vernadsky, Vavilov, Turesson","Vernadsky, Sukachev, Tensley","Vernadsky, Chetvernikov, Tansley",C
Darwin explained the evolutionary mechanism and explained the evolution and formation of species. How did this lead to education?,"Adaptation of species, emergence of species","Like artificial selection, natural selection","Stability of the species, emergence of species",Evolutionary theory as an evolutionary doctrine,D
In what year was Darwin's most famous work published?,Appearance of the species 1839,Appearance of the species 1875,Appearance of the species 1851-1854,Appearance of the species 1859,D
Determine the main directions of evolution.,"Degeneration, disguise","Aromorphosis, idioadaptation, degeneration.","Aromorphosis, genetic change, adaptation","Idioadaptation, adaptation, disguise",B
An example of this is the pollination of plants in different ways.,Idioadaptation,Degeneration,Senogenesis,Aromorphosis,A
What is microevolution?,Transition to a system in higher systematic units,Towards evolutionary changes occurring within systematic units above species,Evolutionary changes within a species,The struggle for coexistence within a species and generation,C
What are the main theories of the origin of life? 1) creationism 2) origin of life 3) panspermia 4) biochemical evolution 5) synthetic 6) geocentric 7) heliocentric,"1,3,5,6,7","1,2,3,4","1,3,5,7","2,5,4,6",B
What are the main features of life?,"Self-government, growth and development, reproduction","Self-renewal, self-reproduction, self-regulation","Self-education, development, reproduction","Self-renewal, growth",B
How many chemical elements are in a cell?,60,50,70,80,C
Find the line that lists macronutrients.,"Mg, J, Cr, Co","Zn, C, O, Co","K, Na, Ca, F","C, O, P, Fe",D
Find the line that lists micronutrients.,"Zn, Co, Mn, J","Mo, C, O, Cr","K, Na, Ca, O","Mg, Cl, Fe, Co.",A
"What percentage of the cell mass is made up of the elements H , C , O , N ?",96%,97%,98%,95%,C
What elements ensure the passage of substances through the cell membrane?,"K, Fe","Na, K","Cl, Mg","Fe,Na",B
What element is contained in hemoglobin?,Cl,Na,Fe,Mg,C
What is the percentage of water in the tooth enamel layer?,90%,5%,50%,10%,D
How much water is in a plant cell?,50%,10%,90%,5%,C
What bond exists in a water molecule?,Ionic Garden,Metal garden,Covalent bond,Hydrogen garden,D
What elements are found in bone?,"Ca, S","Mg,Cl","P,Na","P, Ca.",D
What percentage of an organism's cell is made up of organic matter?,30-40%,50-60%,20-30%,40-50%,C
List the amino acids without a ring.,"Arginine, Tyrosine","Tyrosine, Proline","Valine, Tyrosine","Leysine, Lysine",D
Specify ring amino acids.,"Valin, Sistine","Lysine, Arginine","Tyrosine, Tryptophan","Proline, lysine",C
What role does blood protein play?,Hormone,Catalyst,Excitability,Transport,D
How many amino acids are there in natural proteins?,22 different,20 types,40 different,30 different,B
What are the names of proteins that are soluble in pure distilled water?,Denaturation,Renaturation,Globulins,Albumin,D
Find the line that lists the album.,Chromaprotein,Blood protein,Lipoprotein,Egg white,D
How much (%) protein is contained in cotton fiber?,95%,93%,94%,96%,A
What is polyploidy:,Chromosome shortening,Chromosome multiplication,Chromosome separation,Chromosome polarization,B
Which scientist and his students separated a virulent bacterium (S-type) with polysaccharide skin into small pieces?,Miller,Holden,Oparin,Avery,D
What is karyokinesis?,i-RNA formation,Nuclear fission,Cytoplasmic division,Copying chromosomes,B
What are species with separate habitats called?,Sympathetic species,Genetic species,Population types,Allatropic species,D
Species whose habitats merge with each other or are completely compatible with each other?,Sympathetic views,Population types,Allatropic species,Genetic species,A
"What is the evolutionary process that leads to the formation of relatively large, systematic groups of species - new generations, families and families?",Microevolution,Macroevolution,Natural selection,Artificial selection,B
What does the divergence of characters and properties mean in initially close groups of organisms during evolution ?,Degeneration,Convergence,Divergence,Replication,C
What progress (aromorphosis) characterizes the improvement in the evolution of the structure and function of the body?,Aromorphosis,Senogenesis,Idiomatic adaptation,Morphophysiological,D
What is senogenesis?,Historical adaptation,Embryonic adaptation,Postembryonic adaptation,Aromorphosis,B
What useful adaptations arise at certain stages of individual development and then disappear.,Senogenesis,Idiomatic adaptation,Aromorphosis,Morphosiological regression,A
"What substances, the action of which is aimed at enhancing and accelerating the formation and renewal of structural parts of cells, tissues, muscles, appear at the end of embryonic development and prolong embryogenesis?",Replication,Deviation,Senogenesis,Anabolic steroids,D
How does the transfer of a genetic factor from one bacterial cell to another occur when two bacterial cells walk side by side and stick to each other?,Replication,Transduction,Conjugation,Transformation,C
What is the combination of a nitrogenous base and ribose or deoxyribose.,Nucleotide,Nucleoside,Nucleic acid,Protein,B
What happens when a phosphoric acid residue combines with a nucleoside.,Nucleic acid,Protein,Nucleoside,Nucleotide,D
How do nucleotides join together to form a long chain of DNA or RNA?,Open chain,Phosphodiester swamp,Phosphoric acid,Disulfide bond,C
What are the genetic factors that are isolated from chromosomes and are capable of autonomous reproduction.,Retrotransposon,Autonomous plasmid,Plasmids,Transposon,C
Which scientist coined the term “plasmids”?,Avery in 1944,1928 Griffith,In 1889 R. Altmann,Lederberg in 1952,D
When and which scientist isolated a separate substance with acidic properties from the cell nucleus and called it nucleic acid,Altman in 1889,F. Miescher in 1889,Altman in 1879,F. Miescher in 1879,D
"Which scientist introduced the term nucleic acid to science and showed that the nucleus contains purine, pyrimidine and 5 atomic carbons (sugars) from nitrogenous bases in addition to phosphoric acid.",In 1889 R. Altmann,Avery in 1944,1952 Lederberg,1928 Griffith,A
"Which scientist determined that the amount of adenine in the DNA molecule of all organisms always corresponds to the amount of thymine, and guanine to the amount of cytosine?",In 1950 E. Chargaff,In 1889 R. Altmann,1928 Griffith,1952 Lederberg,A
Types of replication indicated by G.Sten in 1957. How does double-stranded replication of a DNA molecule occur?,"Conservative, dispersive","Semi-conservative, dispersive","Conservative, semi-conservative, dispersive","Conservative, semi-conservative",C
Stages of protein biosynthesis?,"Initiation, extension, termination","Increased amino acid activity, initiation, elongation, termination","Increased amino acid activity, elongation, termination","Increased amino acid activity, initiation",B
What do you mean by elongation?,Completion of polypeptide chain formation,Elongation of the resulting polypeptide chain,Exchange and shortening of the polypeptide chain,Initiation of polypeptide chain synthesis,B
What is initiation?,Initiation of polypeptide chain synthesis,Elongation of the resulting polypeptide chain,Completion of polypeptide chain formation,Exchange and shortening of the polypeptide chain,A
What is termination?,Initiation of polypeptide chain synthesis,Elongation of the resulting polypeptide chain,Exchange and shortening of the polypeptide chain,End of polypeptide chain formation,D
How is protein biosynthesis regulated in a cell?,"Inhibitor, suppressor, suppression","Inhibitor, suppressor","Repression, suppression, Inhibitor, suppressor","repression, inhibition",D
